{"training_accuracy": 90.58703703703704, "validation_accuracy": 88.6, "training_loss": 0.25403855217233323, "validation_loss": 0.3303059685036436, "epoch": 10, "_timestamp": 1678391383.3988411, "_runtime": 612.9786262512207, "_step": 9, "_wandb": {"runtime": 611}}