{"training_accuracy": 73.77592592592592, "validation_accuracy": 72.98333333333333, "training_loss": [3336.312427231882, 3336.312432644023, 3336.31242413825, 3336.3124295708835, 3336.312424701839, 3336.312429313038, 3336.3124234758066, 3336.312430567719, 3336.312430588468, 3336.312429962142], "validation_loss": [30026.81184417144, 30026.81189743706, 30026.81181743553, 30026.811863574057, 30026.811823620035, 30026.81186642248, 30026.81181136596, 30026.81186738901, 30026.81187207346, 30026.811869034733], "epoch": 5, "_timestamp": 1678521503.989007, "_runtime": 358.23580598831177, "_step": 4, "_wandb": {"runtime": 357}}