{"training_accuracy": 90.5425925925926, "validation_accuracy": 88.36666666666667, "training_loss": 0.2489962356399788, "validation_loss": 0.33660892150797606, "epoch": 10, "_timestamp": 1678404124.464981, "_runtime": 1287.4448561668396, "_step": 9, "_wandb": {"runtime": 1286}}