{"training_accuracy": 86.65185185185184, "validation_accuracy": 86.01666666666667, "training_loss": [2.855637603610136e-05, 3.252953262511986e-05, 2.7527154766094996e-05, 3.005632195245604e-05, 2.716036709677816e-05, 3.135608030088232e-05, 2.3862377880684598e-05, 3.1037008022529656e-05, 3.226954831183548e-05, 3.1839913434330484e-05], "validation_loss": [0.0002562504796216945, 0.00029501513828362124, 0.0002486771275246198, 0.0002664867941118825, 0.0002476344735694508, 0.0002879793574158079, 0.00021953247635537096, 0.0002681331570386482, 0.00028513299232698833, 0.0002829922504818287], "epoch": 5, "_timestamp": 1678521046.194842, "_runtime": 58.78653621673584, "_step": 4, "_wandb": {"runtime": 58}}