{"training_accuracy": 83.22592592592592, "validation_accuracy": 82.15, "training_loss": 0.24477023846274687, "validation_loss": 0.2546499761838517, "epoch": 10, "_timestamp": 1678528761.5809999, "_runtime": 187.4817967414856, "_step": 9, "_wandb": {"runtime": 186}}