{"training_accuracy": 89.12407407407407, "validation_accuracy": 87.78333333333333, "training_loss": 0.2955271520912817, "validation_loss": 0.3444054170259112, "epoch": 5, "_timestamp": 1678409226.496681, "_runtime": 277.33932399749756, "_step": 4, "_wandb": {"runtime": 276}}