{"training_accuracy": 10.024074074074074, "validation_accuracy": 9.783333333333333, "training_loss": 2.6520801206407913, "validation_loss": 2.666366276079308, "epoch": 6, "_timestamp": 1678422733.953129, "_runtime": 306.9213891029358, "_step": 5, "_wandb": {"runtime": 327}}