{"training_accuracy": 88.7, "validation_accuracy": 87.35000000000001, "training_loss": 0.3161033397235179, "validation_loss": 0.3482820119563849, "epoch": 10, "_timestamp": 1678386553.8348742, "_runtime": 592.6232640743256, "_step": 9, "_wandb": {"runtime": 591}}