{"training_accuracy": 84.87037037037038, "validation_accuracy": 84.43333333333334, "training_loss": 0.43341578751184373, "validation_loss": 0.4423097925385023, "epoch": 5, "_timestamp": 1678373098.426808, "_runtime": 47.50300621986389, "_step": 4, "_wandb": {"runtime": 46}}