{"training_accuracy": 73.71666666666667, "validation_accuracy": 73.16666666666667, "training_loss": 0.8446003503983023, "validation_loss": 0.8531453147011275, "epoch": 5, "_timestamp": 1678428572.976403, "_runtime": 65.47455310821533, "_step": 4, "_wandb": {"runtime": 64}}