{"training_accuracy": 83.48148148148148, "validation_accuracy": 83.03333333333333, "training_loss": [2.7761771756599234e-05, 3.179343114967342e-05, 2.5711098229545163e-05, 2.96445752726565e-05, 2.5821523418660637e-05, 3.072443145563736e-05, 2.301388649291344e-05, 3.087019414186909e-05, 3.201941537873125e-05, 3.119460659660615e-05], "validation_loss": [0.00024768159208043874, 0.0002892505884173124, 0.00023244039316914607, 0.0002623061669941279, 0.00023605081408145578, 0.00028175828633095727, 0.00021114581786794013, 0.00026877509348366706, 0.0002830164836080457, 0.0002743292247387738], "epoch": 5, "_timestamp": 1678520863.746675, "_runtime": 361.1703519821167, "_step": 4, "_wandb": {"runtime": 360}}