{"training_accuracy": 78.80740740740741, "validation_accuracy": 78.25, "training_loss": 0.6680615518672567, "validation_loss": 0.6735296386268248, "epoch": 5, "_timestamp": 1678367716.659876, "_runtime": 96.55315017700195, "_step": 4, "_wandb": {"runtime": 95}}