{"training_accuracy": 10.005555555555555, "validation_accuracy": 9.950000000000001, "training_loss": NaN, "validation_loss": NaN, "epoch": 10, "_timestamp": 1678515997.2421818, "_runtime": 229.23950266838074, "_step": 9, "_wandb": {"runtime": 228}}