{"training_accuracy": 84.02037037037037, "validation_accuracy": 83.63333333333334, "training_loss": 0.45265100614656983, "validation_loss": 0.4594800512559126, "epoch": 5, "_timestamp": 1678422095.968312, "_runtime": 90.35127401351929, "_step": 4, "_wandb": {"runtime": 89}}