{"training_accuracy": 10.74074074074074, "validation_accuracy": 11.066666666666666, "training_loss": 2.3003640547389512, "validation_loss": 2.2995345960571814, "epoch": 5, "_timestamp": 1678363210.2526982, "_runtime": 56.24822807312012, "_step": 4, "_wandb": {"runtime": 55}}