{"training_accuracy": 73.37777777777778, "validation_accuracy": 73.11666666666666, "training_loss": 0.7140849551336961, "validation_loss": 0.709922573081508, "epoch": 5, "_timestamp": 1678385316.3009322, "_runtime": 147.78933811187744, "_step": 4, "_wandb": {"runtime": 146}}