{"training_accuracy": 84.73518518518517, "validation_accuracy": 83.65, "training_loss": 0.42588671638558506, "validation_loss": 0.4415781343862769, "epoch": 5, "_timestamp": 1678459841.145117, "_runtime": 143.50222396850586, "_step": 4, "_wandb": {"runtime": 142}}