{"training_accuracy": 85.38148148148149, "validation_accuracy": 85.01666666666667, "training_loss": 0.4118578148081432, "validation_loss": 0.4211527310735966, "epoch": 1, "_timestamp": 1678364381.971136, "_runtime": 28.115905046463013, "_step": 0, "_wandb": {"runtime": 6}}