{"training_accuracy": 72.17407407407408, "validation_accuracy": 71.01666666666667, "training_loss": 0.7807151217997043, "validation_loss": 0.7884600221913974, "epoch": 10, "_timestamp": 1678400770.59358, "_runtime": 305.94144010543823, "_step": 9, "_wandb": {"runtime": 305}}