{"training_accuracy": 77.54444444444445, "validation_accuracy": 9.950000000000001, "training_loss": 0, "validation_loss": 0, "epoch": 9, "_timestamp": 1678359027.5623932, "_runtime": 114.19636917114258, "_step": 8, "_wandb": {"runtime": 32}}