{"training_accuracy": 88.66296296296296, "validation_accuracy": 87.38333333333334, "training_loss": 0.30367780120493576, "validation_loss": 0.35271059595955423, "epoch": 5, "_timestamp": 1678441506.94302, "_runtime": 275.59679412841797, "_step": 4, "_wandb": {"runtime": 273}}