{"training_accuracy": 90.65925925925926, "validation_accuracy": 88.66666666666667, "training_loss": 0.24917461807741337, "validation_loss": 0.32288290051646285, "epoch": 5, "_timestamp": 1678388803.9232562, "_runtime": 584.957798242569, "_step": 4, "_wandb": {"runtime": 583}}