{"training_accuracy": 28.111111111111107, "validation_accuracy": 28.233333333333334, "training_loss": 2.4035067892991036, "validation_loss": 2.3924726956978604, "epoch": 5, "_timestamp": 1678424955.602785, "_runtime": 76.38390517234802, "_step": 4, "_wandb": {"runtime": 75}}