{"training_accuracy": 83.75, "validation_accuracy": 82.85, "training_loss": 0.474863466057934, "validation_loss": 0.4877824536666581, "epoch": 5, "_timestamp": 1678467467.602137, "_runtime": 149.55661416053772, "_step": 4, "_wandb": {"runtime": 148}}