{"training_accuracy": 88.38703703703705, "validation_accuracy": 87.0, "training_loss": 0.3213225431299868, "validation_loss": 0.346148383158453, "epoch": 5, "_timestamp": 1678426425.571151, "_runtime": 267.08174300193787, "_step": 4, "_wandb": {"runtime": 266}}