{"training_accuracy": 86.86666666666667, "validation_accuracy": 84.0, "training_loss": 0.35336595479769967, "validation_loss": 0.43531799570718865, "epoch": 5, "_timestamp": 1678425363.5359511, "_runtime": 200.1450641155243, "_step": 4, "_wandb": {"runtime": 199}}