{"training_accuracy": 8.701851851851853, "validation_accuracy": 8.433333333333334, "training_loss": [1.915460683754022e-05, 1.912442851106557e-05, 1.911619805839069e-05, 1.9182041679789876e-05, 1.9072302310791238e-05, 1.9088763216141037e-05, 1.9094250184590944e-05, 1.9283550596113605e-05, 1.9173811227114977e-05, 1.9173811227114977e-05], "validation_loss": [0.00017140782870859092, 0.00017385227315303532, 0.000174518939819702, 0.00016918560648636875, 0.0001780744953752576, 0.0001767411620419243, 0.00017629671759747978, 0.00016096338426414651, 0.00016985227315303544, 0.00016985227315303544], "epoch": 10, "_timestamp": 1678516887.5209742, "_runtime": 96.25216817855835, "_step": 9, "_wandb": {"runtime": 95}}