{"training_accuracy": 71.32222222222222, "validation_accuracy": 70.39999999999999, "training_loss": 0.39758935585421584, "validation_loss": 0.40807378371931446, "epoch": 5, "_timestamp": 1678528882.218668, "_runtime": 102.75080609321594, "_step": 4, "_wandb": {"runtime": 101}}