{"training_accuracy": 61.596296296296295, "validation_accuracy": 61.516666666666666, "training_loss": 1.1138830613350232, "validation_loss": 1.1213085597438608, "epoch": 10, "_timestamp": 1678430557.771313, "_runtime": 145.89301300048828, "_step": 9, "_wandb": {"runtime": 145}}