{"training_accuracy": 10.811111111111112, "validation_accuracy": 11.033333333333333, "training_loss": [1.694951362202177e-05, 1.709037191766983e-05, 2.2965970050245596e-05, 1.8449790967329654e-05, 1.6883474856565274e-05, 1.7622464714171236e-05, 1.7966232766301243e-05, 1.7447137460163268e-05, 1.7296380703482243e-05, 1.8143529524395644e-05], "validation_loss": [0.00015251444124260552, 0.000153761886299086, 0.00020669054083799628, 0.00016628161327366818, 0.00015192003649645164, 0.00015857567262712074, 0.00016167040707968557, 0.00015700077098172526, 0.00015552470172367386, 0.00016329770639689307], "epoch": 10, "_timestamp": 1678522638.138517, "_runtime": 242.40434789657593, "_step": 5, "_wandb": {"runtime": 241}}