{"training_accuracy": 85.1462962962963, "validation_accuracy": 84.55, "training_loss": 0.4275834328724196, "validation_loss": 0.432605940504982, "epoch": 5, "_timestamp": 1678378420.3070111, "_runtime": 237.52583813667297, "_step": 4, "_wandb": {"runtime": 236}}