{"training_accuracy": 87.67407407407407, "validation_accuracy": 85.98333333333333, "training_loss": 0.33162039805036647, "validation_loss": 0.39944724639872164, "epoch": 5, "_timestamp": 1678460535.100336, "_runtime": 684.8747360706329, "_step": 4, "_wandb": {"runtime": 684}}