{"training_accuracy": 81.48518518518519, "validation_accuracy": 80.98333333333333, "training_loss": 0.5420875202222587, "validation_loss": 0.5413556744528114, "epoch": 5, "_timestamp": 1678367188.017539, "_runtime": 70.2993791103363, "_step": 4, "_wandb": {"runtime": 69}}