{"training_accuracy": 93.87592592592593, "validation_accuracy": 88.81666666666666, "training_loss": 0.17191060868522112, "validation_loss": 0.3129770790924282, "epoch": 10, "_timestamp": 1678513576.9395561, "_runtime": 4051.636961221695, "_step": 9, "_wandb": {"runtime": 4050}}