{"training_accuracy": 77.35, "validation_accuracy": 76.64999999999999, "training_loss": 0.677738201141638, "validation_loss": 0.6836980784386473, "epoch": 5, "_timestamp": 1678425645.20959, "_runtime": 94.24997401237488, "_step": 4, "_wandb": {"runtime": 93}}