{"training_accuracy": 85.13703703703703, "validation_accuracy": 84.18333333333334, "training_loss": 0.4259634669848423, "validation_loss": 0.437321508406931, "epoch": 5, "_timestamp": 1678419749.16415, "_runtime": 177.084979057312, "_step": 4, "_wandb": {"runtime": 176}}