{"training_accuracy": 90.52962962962962, "validation_accuracy": 88.6, "training_loss": 0.2561390720343482, "validation_loss": 0.32851511336920375, "epoch": 5, "_timestamp": 1678420613.738662, "_runtime": 855.6184310913086, "_step": 4, "_wandb": {"runtime": 854}}