{"training_accuracy": 88.12592592592593, "validation_accuracy": 85.3, "training_loss": 0.33296671457878896, "validation_loss": 0.4146602065312614, "epoch": 10, "_timestamp": 1678366478.188746, "_runtime": 1500.5890128612518, "_step": 9, "_wandb": {"runtime": 1499}}