{"training_accuracy": 85.98148148148148, "validation_accuracy": 85.2, "training_loss": 0.3867564392763696, "validation_loss": 0.40878189233883694, "epoch": 10, "_timestamp": 1678478690.870719, "_runtime": 144.5846688747406, "_step": 9, "_wandb": {"runtime": 143}}