{"training_accuracy": 10.005555555555555, "validation_accuracy": 9.950000000000001, "training_loss": NaN, "validation_loss": NaN, "epoch": 10, "_timestamp": 1678430128.523045, "_runtime": 126.4262330532074, "_step": 9, "_wandb": {"runtime": 125}}