{"training_accuracy": 87.8962962962963, "validation_accuracy": 87.01666666666667, "training_loss": 0.34045107583185713, "validation_loss": 0.3610493849658228, "epoch": 3, "_timestamp": 1678451152.875251, "_runtime": 552.249135017395, "_step": 2}