{"training_accuracy": 90.25185185185185, "validation_accuracy": 88.56666666666668, "training_loss": 0.27191961392146224, "validation_loss": 0.31944164847996476, "epoch": 10, "_timestamp": 1678452219.845839, "_runtime": 1619.2197229862213, "_step": 9, "_wandb": {"runtime": 1618}}