{"training_accuracy": 9.737037037037037, "validation_accuracy": 10.35, "training_loss": [1.8901467360389942e-05, 1.9164898508686752e-05, 1.856771978277036e-05, 1.9045701127184544e-05, 1.8356302128003305e-05, 1.919424281629281e-05, 1.9381794853709303e-05, 1.9290346731134e-05, 1.882924510298802e-05, 1.9803115437783332e-05], "validation_loss": [0.00016995427241588837, 0.0001724570468147159, 0.00016709361233833216, 0.00017130959349007146, 0.0001652102998465433, 0.00017269690778873518, 0.00017455482192978063, 0.00017363630913097726, 0.00016946889113997514, 0.00017822972853622114], "epoch": 5, "_timestamp": 1678521138.8833852, "_runtime": 75.98469614982605, "_step": 4, "_wandb": {"runtime": 75}}