{"training_accuracy": 89.48148148148148, "validation_accuracy": 87.7, "training_loss": 0.2925967820454096, "validation_loss": 0.3815781688672838, "epoch": 10, "_timestamp": 1678443150.3400939, "_runtime": 1632.7393667697906, "_step": 9, "_wandb": {"runtime": 1631}}