{"training_accuracy": 84.85740740740741, "validation_accuracy": 84.11666666666666, "training_loss": 0.44175969057013603, "validation_loss": 0.44724332667235855, "epoch": 9, "_timestamp": 1678393030.599018, "_runtime": 1508.0028049945831, "_step": 8, "_wandb": {"runtime": 1506}}