{"training_accuracy": 88.48333333333333, "validation_accuracy": 87.64999999999999, "training_loss": 0.3221462802495423, "validation_loss": 0.3497741149671831, "epoch": 5, "_timestamp": 1678446823.436917, "_runtime": 729.0144951343536, "_step": 4, "_wandb": {"runtime": 728}}