{"training_accuracy": 81.58333333333333, "validation_accuracy": 81.10000000000001, "training_loss": 0.5132886914746162, "validation_loss": 0.5097645873097839, "epoch": 5, "_timestamp": 1678391510.224809, "_runtime": 117.5154139995575, "_step": 4, "_wandb": {"runtime": 116}}