{"training_accuracy": 88.26666666666667, "validation_accuracy": 87.06666666666666, "training_loss": 0.33860917729498563, "validation_loss": 0.3783565446389872, "epoch": 5, "_timestamp": 1678374071.0350761, "_runtime": 202.04653525352478, "_step": 4, "_wandb": {"runtime": 201}}