{"training_accuracy": 86.55185185185185, "validation_accuracy": 85.2, "training_loss": 0.38002202797677953, "validation_loss": 0.4085312070526779, "epoch": 10, "_timestamp": 1678476222.8273962, "_runtime": 110.54525923728943, "_step": 9, "_wandb": {"runtime": 108}}