{"training_accuracy": 9.951851851851853, "validation_accuracy": 9.0, "training_loss": 2.302665250740928, "validation_loss": 2.3027815517434433, "epoch": 10, "_timestamp": 1678426860.759486, "_runtime": 110.64283299446106, "_step": 9, "_wandb": {"runtime": 109}}