{"training_accuracy": 84.61296296296297, "validation_accuracy": 82.81666666666668, "training_loss": 0.4595287177121435, "validation_loss": 0.4875677995369688, "epoch": 10, "_timestamp": 1678469598.462278, "_runtime": 121.2463538646698, "_step": 9, "_wandb": {"runtime": 120}}