{"training_accuracy": 74.96481481481482, "validation_accuracy": 74.11666666666666, "training_loss": 0.6975246910603404, "validation_loss": 0.7055423136084698, "epoch": 10, "_timestamp": 1678411685.400743, "_runtime": 321.7831470966339, "_step": 9, "_wandb": {"runtime": 320}}