{"training_accuracy": 79.85, "validation_accuracy": 77.64999999999999, "training_loss": 0.5569485339107186, "validation_loss": 0.6054000749743197, "epoch": 10, "_timestamp": 1678478533.970239, "_runtime": 140.88795495033264, "_step": 9, "_wandb": {"runtime": 140}}