{"training_accuracy": 10.005555555555555, "validation_accuracy": 9.950000000000001, "training_loss": NaN, "validation_loss": NaN, "epoch": 5, "_timestamp": 1678421516.11034, "_runtime": 89.95973706245422, "_step": 4, "_wandb": {"runtime": 89}}