{"training_accuracy": 89.48148148148148, "validation_accuracy": 87.7, "training_loss": 0.2925967820454096, "validation_loss": 0.3815781688672838, "epoch": 10, "_timestamp": 1678441195.611597, "_runtime": 1647.1290969848633, "_step": 9, "_wandb": {"runtime": 1646}}