{"training_accuracy": 88.6462962962963, "validation_accuracy": 87.45, "training_loss": 0.3214165149374691, "validation_loss": 0.35645624561420947, "epoch": 10, "_timestamp": 1678396540.410225, "_runtime": 264.6555619239807, "_step": 9, "_wandb": {"runtime": 263}}