{"training_accuracy": 70.0, "validation_accuracy": 69.71666666666667, "training_loss": 0.9500420886673818, "validation_loss": 0.9588611656105268, "epoch": 10, "_timestamp": 1678430892.272924, "_runtime": 95.94620895385742, "_step": 9, "_wandb": {"runtime": 95}}