{"training_accuracy": 80.24814814814815, "validation_accuracy": 79.33333333333333, "training_loss": 0.6601142612104985, "validation_loss": 0.6714183262271594, "epoch": 10, "_timestamp": 1678479433.270787, "_runtime": 73.9794089794159, "_step": 9, "_wandb": {"runtime": 72}}