{"training_accuracy": 10.005555555555555, "validation_accuracy": 9.950000000000001, "training_loss": NaN, "validation_loss": NaN, "epoch": 10, "_timestamp": 1678428419.597203, "_runtime": 175.16516590118408, "_step": 9, "_wandb": {"runtime": 174}}