{"training_accuracy": 87.81296296296296, "validation_accuracy": 86.83333333333333, "training_loss": 0.3241268223218659, "validation_loss": 0.3681743621479016, "epoch": 5, "_timestamp": 1678406756.2772229, "_runtime": 609.6844909191132, "_step": 4, "_wandb": {"runtime": 607}}