{"training_accuracy": 69.87592592592593, "validation_accuracy": 69.1, "training_loss": 0.9529495082708078, "validation_loss": 0.9626021680818271, "epoch": 5, "_timestamp": 1678427080.42297, "_runtime": 127.37727999687195, "_step": 4, "_wandb": {"runtime": 126}}