{"training_accuracy": 10.005555555555555, "validation_accuracy": 9.950000000000001, "training_loss": NaN, "validation_loss": NaN, "epoch": 5, "_timestamp": 1678430786.843061, "_runtime": 216.45863389968872, "_step": 4, "_wandb": {"runtime": 215}}